{"cameraMode":{"drawMode":0,"name":"Shaded","section":"Shading Mode"},"sceneLighting":true,"audioPlay":false,"sceneViewState":{"m_AlwaysRefresh":false,"showFog":true,"showSkybox":true,"showFlares":true,"showImageEffects":true,"showParticleSystems":true,"showVisualEffectGraphs":true,"m_FxEnabled":true},"in2DMode":false,"pivot":{"x":15.459541320800782,"y":-8.96950912475586,"z":36.580909729003909},"rotation":{"x":-0.11076845228672028,"y":-0.35341566801071169,"z":0.04218762367963791,"w":-0.9279283881187439},"size":103.18370056152344,"orthographic":false}